{"cameraMode":{"drawMode":0,"name":"Shaded","section":"Shading Mode"},"sceneLighting":false,"audioPlay":false,"sceneViewState":{"m_AlwaysRefresh":false,"showFog":true,"showSkybox":false,"showFlares":true,"showImageEffects":true,"showParticleSystems":true,"showVisualEffectGraphs":true,"m_FxEnabled":true},"in2DMode":false,"pivot":{"x":-0.7890220284461975,"y":0.8825403451919556,"z":1.740280270576477},"rotation":{"x":-0.020261621102690698,"y":0.30628976225852969,"z":-0.006600130815058947,"w":-0.9517737030982971},"size":1.3059344291687012,"orthographic":false}