{"cameraMode":{"drawMode":0,"name":"Shaded","section":"Shading Mode"},"sceneLighting":false,"audioPlay":false,"sceneViewState":{"m_AlwaysRefresh":false,"showFog":false,"showSkybox":false,"showFlares":false,"showImageEffects":false,"showParticleSystems":false,"showVisualEffectGraphs":true,"m_FxEnabled":true},"in2DMode":false,"pivot":{"x":-0.15198910236358643,"y":1.9752475023269654,"z":0.7697436809539795},"rotation":{"x":-0.04141372814774513,"y":-0.8694550395011902,"z":0.48669275641441347,"w":-0.07399240881204605},"size":0.1115599274635315,"orthographic":false}