{"cameraMode":{"drawMode":0,"name":"Shaded","section":"Shading Mode"},"sceneLighting":false,"audioPlay":false,"sceneViewState":{"m_AlwaysRefresh":false,"showFog":true,"showSkybox":false,"showFlares":true,"showImageEffects":true,"showParticleSystems":true,"showVisualEffectGraphs":true,"m_FxEnabled":true},"in2DMode":false,"pivot":{"x":0.025614440441131593,"y":1.0449999570846558,"z":2.121999979019165},"rotation":{"x":-0.09091421961784363,"y":0.8561997413635254,"z":-0.16139090061187745,"w":-0.48231831192970278},"size":1.134922742843628,"orthographic":false}