{"cameraMode":{"drawMode":0,"name":"Shaded","section":"Shading Mode"},"sceneLighting":false,"audioPlay":false,"sceneViewState":{"m_AlwaysRefresh":false,"showFog":true,"showSkybox":false,"showFlares":true,"showImageEffects":true,"showParticleSystems":true,"showVisualEffectGraphs":true,"m_FxEnabled":true},"in2DMode":false,"pivot":{"x":344.90093994140627,"y":272.3969421386719,"z":107.69888305664063},"rotation":{"x":0.028186999261379243,"y":0.0017884178087115288,"z":0.00004689085835707374,"w":-0.9996123909950256},"size":250.7030029296875,"orthographic":false}