{"cameraMode":{"drawMode":0,"name":"Shaded","section":"Shading Mode"},"sceneLighting":true,"audioPlay":false,"sceneViewState":{"m_AlwaysRefresh":false,"showFog":true,"showSkybox":true,"showFlares":true,"showImageEffects":true,"showParticleSystems":true,"showVisualEffectGraphs":true,"m_FxEnabled":true},"in2DMode":false,"pivot":{"x":-1.9644039869308472,"y":5.5056233406066898,"z":-1.4874358177185059},"rotation":{"x":-0.45475560426712038,"y":0.10667003691196442,"z":-0.05495333671569824,"w":-0.8825088143348694},"size":0.39906126260757449,"orthographic":false}